	{ 
		
		"blue": [
			
				{
					"density": 2, "friction": 0, "bounce": 0, 
					"filter": { "categoryBits": 1, "maskBits": 65535 },
					"shape": [   40.461353302002, 49.3864765167236  ,  14.1376810073853, 49.6280221939087  ,  13.4661836624146, 19.6280212402344  ,  14.0096626281738, 14.3454132080078  ,  39.012077331543, 14.2318878173828  ,  50.5, 25.8695678710938  ,  50.6207733154297, 37.5072498321533  ,  46.8623199462891, 46.0579738616943  ]
				}  ,
				{
					"density": 2, "friction": 0, "bounce": 0, 
					"filter": { "categoryBits": 1, "maskBits": 65535 },
					"shape": [   50.5, 25.8695678710938  ,  39.012077331543, 14.2318878173828  ,  46.8091773986816, 18.5555572509766  ]
				}  ,
				{
					"density": 2, "friction": 0, "bounce": 0, 
					"filter": { "categoryBits": 1, "maskBits": 65535 },
					"shape": [   13.4661836624146, 19.6280212402344  ,  14.1376810073853, 49.6280221939087  ,  13.0507249832153, 43.4734325408936  ]
				}  
		]
		
	}